pingchang,R8HEySH1,内蒙古自治区欢县徐汇韦街b座 469074,13215000806,是,否
tangfang,aOA4yWtr,贵州省璐市大东毛路E座 666258,13678128657,否,否
yanghao,8nnoSqff,新疆维吾尔自治区强县璧山嘉禾街x座 686756,13488995790,否,否
xiuyingshi,02xHVQpa,湖北省昆明县牧野南京路Q座 247577,13446563414,是,否
qianjuan,5taUDOg1,广西壮族自治区飞县城北沈阳街t座 126942,13109397298,是,否
min51,m4HZltPN,山东省亮县房山袁路R座 383101,13928345984,否,否
yongkang,2xoXodiJ,内蒙古自治区兰州县清浦宜都路Y座 740901,13703396217,是,否
sugang,w9JUJktI,北京市玉珍县东城王路h座 539875,13983433514,是,否
jie32,mo8fXwbC,上海市马鞍山市孝南天津街W座 677218,13682222541,是,否
zxiong,E0W2eTgc,福建省鑫县门头沟龚路z座 124706,13559292244,否,否
jielai,6GUOsNqX,江西省雪县沈河梧州路G座 344485,18579119896,是,否
houwei,1y7GS9Ca,湖北省合肥市黄浦骆路k座 272973,18298614436,否,否
wsu,LjZ4uNRm,台湾省佳市高明孟街K座 684218,13246858501,是,否
izhong,4UE2VkQo,黑龙江省岩县梁平谢路N座 373406,15564219054,否,否
taolei,Dxh9KtwJ,山西省丹县安次北镇路e座 578802,15584593686,是,否
jiayong,Wit0fHPw,内蒙古自治区潜江市沈北新合肥街x座 263134,13736571200,是,否
qiaojie,8BSqs23q,云南省福州市城东张路F座 831000,15769436220,否,否
yanxia,6VikFycu,山西省重庆县城北大冶路O座 343309,15869880586,是,否
rfang,4VDvVOtn,香港特别行政区帅县兴山潜江街W座 608414,13640604524,否,否
minluo,5HSMjNtc,黑龙江省张家港县合川永安路K座 504856,15754588081,是,否
gang98,qdA1CMqz,福建省畅县崇文唐路b座 343921,14569018413,是,否
wei58,WX9xRdJj,宁夏回族自治区云市和平赵街G座 716989,13557034081,是,否
ming29,w4NGKuip,宁夏回族自治区张家港县崇文西宁街y座 774575,18717526202,否,否
yong42,h7Ddr7Zz,辽宁省重庆市金平金街P座 901690,14786501861,否,否
lei36,CYb2Eb9i,河北省六安市山亭钟路O座 695710,18940874138,否,否
yongfang,VeJ3SgoD,四川省秀英县南湖何街H座 635977,13722431809,是,否
yang31,V5wLIdab,澳门特别行政区军市新城郑州路R座 651114,15048050126,是,否
xia88,Jg9uAtDq,甘肃省莉市大东梧州街p座 964804,15184726151,否,否
tangfang,paW0YZZb,云南省秀云市沙市董街P座 768170,14564566970,是,否
weijing,UL8U1tup,河北省晨市兴山施路Q座 596665,14557398205,是,否
gzhao,4pwEOdeu,福建省玉英市普陀胡街C座 381974,13806610127,是,否
yuantao,m1rSi0Qh,黑龙江省阜新市华龙海门街B座 908389,13636719061,否,否
juanding,9RtZYOCc,陕西省杨县上街澳门路X座 555244,15864970224,否,否
xiuying91,R93L98yo,陕西省丽娟市城北海门街m座 652342,18884184370,否,否
tao12,22DpXvRa,香港特别行政区佳市高明任街W座 178934,15528836466,是,否
na45,w71IBraY,安徽省梧州县合川福州路v座 570922,18809819616,是,否
xiulangong,JVo9Dbm3,陕西省郑州市梁平北镇路W座 959171,18758802553,否,否
songming,P0AkhdWB,山西省成都县朝阳太原路n座 447084,15381855482,是,否
qiangliao,NOeCB3Pq,湖北省岩市清浦纪路O座 907024,13503182083,否,否
li09,0ZVCTKo8,台湾省银川县怀柔宁德街M座 399797,15348496984,否,否
na68,wP72ZciN,北京市鹏县淄川杨街T座 751124,14553028954,是,否
ypeng,3BAI2sdf,广东省瑜市沙市徐路u座 194846,15341718394,否,否
bfeng,d9FAu6nq,北京市六盘水县新城南昌路r座 398843,14760387055,是,否
ming79,5vpU6VmE,江西省太原县清河张街h座 530113,18548630435,是,否
jing47,4LRC9ngT,甘肃省云县花溪林路t座 349282,18722219435,是,否
junpeng,A48VtIre,香港特别行政区桂花县怀柔海门街N座 703459,15050349031,否,否
jiamin,t7ULRbfv,宁夏回族自治区兴安盟市魏都杭州街F座 420519,15631739529,是,否
yang97,FA9JMkht,贵州省斌县龙潭昆明路u座 544760,13940166934,否,否
juan22,Zy7B0El3,福建省乌鲁木齐市合川苏街z座 668872,13555738417,否,否
guiying66,cR8Rp3Xf,吉林省燕市山亭昆明路J座 377884,13098493420,否,否
ping75,Or8DrVJf,安徽省秀芳市南长吴路M座 920801,15075751607,否,否
xiaguiying,zUfvL8Kk,河北省嘉禾市静安郑路a座 777449,15742172727,是,否
xiuying93,J3C50tox,黑龙江省六盘水市萧山岳街A座 755599,14743566206,是,否
fyan,0TzChHUc,云南省晶县安次成都街h座 698262,14559205233,否,否
jpeng,3EEOGRcA,山东省杭州市大东江街Z座 916517,18574265566,是,否
edu,6Xfwd8Tq,江苏省张家港县怀柔李路w座 631620,13824070719,否,否
liangxiuying,Gz7yOXGh,吉林省杭州县高坪李街S座 508631,18890968460,否,否
jie08,c3S0GYgi,香港特别行政区秀梅县和平王街h座 244842,13027077958,否,否
gangyang,Qx4QqBag,台湾省平市山亭长春街W座 228233,13059649249,否,否
fujun,7hRV6UdB,江西省呼和浩特县龙潭白街j座 517907,15143260678,是,否
liaojie,11aNlywq,辽宁省阳市牧野彭街E座 948152,18584081574,否,否
xiuying33,p3JjTsm9,甘肃省海口市静安邓路e座 209454,13179552583,否,否
dxie,0XBFTfuG,陕西省合肥市华龙詹街c座 536143,13075111318,否,否
gangcao,52C0KGXs,北京市刚市华龙田街R座 130329,18708372803,是,否
jiajuan,x41WBWXm,西藏自治区亮市梁平辽阳街u座 206978,13302868684,是,否
na56,9HBrdL1m,重庆市红市双滦荆门路n座 616312,13077856937,否,否
junlin,1FmSoTfo,新疆维吾尔自治区俊县清城李街R座 973760,15114409158,是,否
minbai,72QoRWtB,上海市明县白云冯路D座 833500,13036223160,是,否
leiyan,z6F0o69i,贵州省兰州县大兴张街A座 745768,15235888340,是,否
maming,ayZ69Cqu,上海市通辽市梁平齐齐哈尔路v座 866413,13156669422,是,否
gaoxia,07HiFXcy,浙江省兵市崇文黄街b座 932367,13246957519,是,否
caixia,yA98NHhy,新疆维吾尔自治区乌鲁木齐县海港曾路X座 997590,15760971661,否,否
dgu,3Zo52h2P,天津市秀梅市吉区吴街M座 346704,15346414011,否,否
hqiao,f3JkusRz,江西省六盘水县山亭尹街H座 800941,13600484994,否,否
lei07,l58EnQ8f,湖南省北镇市沈河潮州路A座 169714,13048533336,否,否
lmao,4McvyRbs,广西壮族自治区娟市高港符街b座 634316,18553106595,否,否
yang84,KJ7JEnUG,黑龙江省六盘水县牧野韩街j座 376716,18173480442,否,否
chenmin,0tUHfpqo,云南省金凤市高明杭州路H座 306195,18905395863,否,否
gang29,4II3YFo2,吉林省玉兰县锡山周路L座 856238,18016634040,是,否
yong43,8FITi9dM,云南省帆县长寿贵阳路o座 300869,13566323197,否,否
tao92,O44US9Le,浙江省兵县沈河广州路q座 846002,18245659344,否,否
min87,2YBVMu7y,山东省秀荣县东丽阜新路T座 416069,13737622391,是,否
xiuyingye,xzk2N4Ri,重庆市峰市龙潭刘街m座 896368,13991733123,否,否
jieyao,35EJdpU3,吉林省琳县沈河杨街X座 659727,15827387849,是,否
zengjuan,RhS8z5Be,浙江省洋县吉区银川街V座 620877,13160966380,是,否
xiacheng,2MyKvq5O,天津市建平县友好拉萨路E座 134190,14551827816,是,否
pingmeng,264kEZZp,四川省西安县崇文邯郸街v座 800029,15704984130,否,否
ypan,7BGLh33j,福建省太原县海港太原街i座 394450,18501766426,否,否
jing79,D1dOqanc,陕西省建平县浔阳西宁路f座 983358,18716952291,否,否
pxiong,8nM7N5Nb,澳门特别行政区红梅市徐汇广州路Q座 334890,15394014912,是,否
jie14,rYqS6JLt,四川省呼和浩特市南长刘路k座 303880,18081028435,否,否
liuxiuying,7vzGvOqx,吉林省银川县华龙上海街e座 853447,18589837610,是,否
tzeng,1Rz4Pire,湖北省金凤县沙湾大冶路A座 326658,13318209388,否,否
hanqiang,9vIOXzmQ,湖北省红县黄浦兴城路H座 585322,18536066321,是,否
jieqiao,5IkGXbKz,河北省柳州县门头沟齐齐哈尔路c座 470548,15142485810,否,否
shenjie,tv5Zayer,吉林省六安市永川宋路I座 530277,18281678841,是,否
nqin,Vg6RfC2u,贵州省杭州县龙潭白路x座 322024,15523237217,是,否
yong45,PL3VV6fe,云南省飞县沈河唐路j座 196110,15611284036,是,否
lichang,g3FvyoZe,内蒙古自治区宜都市吉区夏路c座 320950,15113497731,否,否
weixia,3kiE3pn4,广东省海门县江北李街H座 737610,18804775237,是,否
